ID,Type,SKU,Name,Published,Featured,Visibility in catalog,Short description,Description,Date sale price starts,Date sale price ends,Tax status,Tax class,In stock?,Stock,Low stock amount,Backorders allowed?,Sold individually?,Weight (lbs),Length (in),Width (in),Height (in),Allow customer reviews?,Purchase note,Sale price,Regular price,Categories,Tags,Shipping class,Images,Download limit,Download expiry days,Parent,Grouped products,Upsells,Cross-sells,External URL,Button text,Position,Attribute 1 name,Attribute 1 value(s),Attribute 1 visible,Attribute 1 global,meta:_lurabio_cas_number,meta:_lurabio_molecular_formula,meta:_lurabio_molecular_weight,meta:_lurabio_purity,meta:_lurabio_storage,meta:_lurabio_sequence,meta:_lurabio_research_category
,simple,LB-BPC157-5MG,BPC-157,1,0,visible,"5 mg research-grade BPC-157. ≥99% purity.","BPC-157 (Body Protection Compound-157) is a pentadecapeptide consisting of 15 amino acids. Extensively studied for its role in tissue repair and wound healing in preclinical models.",,,,taxable,,1,,,0,1,,,,,,49.99,59.99,Tissue Repair,,,,,,,,,,,,,,137229-47-6,C62H98N16O22,1419.53,≥99%,"−20 °C, dry, protect from light",Gly-Glu-Pro-Pro-Pro-Gly-Lys-Pro-Ala-Asp-Asp-Ala-Gly-Leu-Val,tissue-repair
,simple,LB-TB500-5MG,TB-500 (Thymosin Beta-4),1,0,visible,"5 mg research-grade TB-500. ≥99% purity.","Thymosin Beta-4 fragment (TB-500) is a synthetic peptide derived from the naturally occurring protein thymosin beta-4. Studied for actin regulation and tissue remodeling in preclinical models.",,,,taxable,,1,,,0,1,,,,,,54.99,64.99,Tissue Repair,,,,,,,,,,,,,,77591-33-4,C212H350N56O78S,4963.44,≥99%,"−20 °C, lyophilized, desiccate",Ac-LKKTETQ,tissue-repair
,simple,LB-CJC1295-2MG,CJC-1295 (No DAC),1,0,visible,"2 mg research-grade CJC-1295. ≥99% purity.","CJC-1295 without DAC (Drug Affinity Complex) is a synthetic analogue of growth hormone releasing hormone (GHRH). Studied for its role in modulating growth hormone secretion in preclinical models.",,,,taxable,,1,,,0,1,,,,,,44.99,54.99,Endocrine,,,,,,,,,,,,,,863288-34-0,C152H252N44O42,3367.97,≥99%,"−20 °C, avoid repeated freeze-thaw",Tyr-D-Ala-Asp-Ala-Ile-Phe-Thr-Gln-Ser-Tyr-Arg-Lys-Val-Leu-Ala-Gln-Leu-Ser-Ala-Arg-Lys-Leu-Leu-Gln-Asp-Ile-Leu-Ser-Arg-NH2,endocrine
,simple,LB-IPAMORELIN-2MG,Ipamorelin,1,0,visible,"2 mg research-grade Ipamorelin. ≥99% purity.","Ipamorelin is a selective growth hormone secretagogue receptor (GHSR) agonist. Studied for its selectivity in preclinical GH research without concomitant cortisol or prolactin elevation.",,,,taxable,,1,,,0,1,,,,,,39.99,49.99,Endocrine,,,,,,,,,,,,,,170851-70-4,C38H49N9O5,711.85,≥99%,"−20 °C, dry",Aib-His-D-2-Nal-D-Phe-Lys-NH2,endocrine
,simple,LB-PT141-10MG,PT-141 (Bremelanotide),1,0,visible,"10 mg research-grade PT-141. ≥99% purity.","PT-141 (Bremelanotide) is a cyclic heptapeptide melanocortin receptor agonist. Studied for its CNS melanocortin pathway modulation in preclinical models.",,,,taxable,,1,,,0,1,,,,,,59.99,74.99,Neurocognitive,,,,,,,,,,,,,,189691-06-3,C50H68N14O10,1025.17,≥99%,"−20 °C, lyophilized",Ac-Nle-cyclo[Asp-His-D-Phe-Arg-Trp-Lys]-OH,neuro
,simple,LB-EPITHALON-10MG,Epithalon,1,0,visible,"10 mg research-grade Epithalon. ≥99% purity.","Epithalon (Epithalamin) is a synthetic tetrapeptide. Studied for telomere dynamics and its putative role in cellular aging models.",,,,taxable,,1,,,0,1,,,,,,34.99,44.99,Dermal / Cellular,,,,,,,,,,,,,,307297-39-8,C14H22N4O9,390.34,≥99%,"−20 °C, desiccate",Ala-Glu-Asp-Gly,dermal
,simple,LB-GHKCU-100MG,GHK-Cu (Copper Peptide),1,0,visible,"100 mg research-grade GHK-Cu. ≥99% purity.","GHK-Cu is a naturally occurring copper complex of the tripeptide glycyl-L-histidyl-L-lysine. Studied for its role in collagen synthesis regulation and skin barrier research.",,,,taxable,,1,,,0,1,,,,,,29.99,39.99,Dermal / Cellular,,,,,,,,,,,,,,89030-95-5,C14H24CuN6O4,340.84,≥99%,"2–8 °C, protect from light",Gly-His-Lys · Cu²⁺,dermal
,simple,LB-LL37-1MG,LL-37 (Cathelicidin),1,0,visible,"1 mg research-grade LL-37. ≥99% purity.","LL-37 is a human cathelicidin antimicrobial peptide derived from the C-terminus of hCAP18. Studied for innate immune modulation and its immunomodulatory properties in vitro.",,,,taxable,,1,,,0,1,,,,,,79.99,99.99,Immunology,,,,,,,,,,,,,,154947-66-7,C205H340N60O53S,4493.37,≥99%,"−20 °C, avoid light and moisture",LLGDFFRKSKEKIGKEFKRIVQRIKDFLRNLVPRTES,immunology
,simple,LB-SELANK-5MG,Selank,1,0,visible,"5 mg research-grade Selank. ≥99% purity.","Selank is a synthetic heptapeptide analogue of tuftsin. Studied for its anxiolytic-like properties and GABAergic modulation in preclinical neuropharmacology models.",,,,taxable,,1,,,0,1,,,,,,44.99,54.99,Neurocognitive,,,,,,,,,,,,,,129954-34-3,C33H57N11O9,751.87,≥99%,"−20 °C, dry, single-use aliquots recommended",Thr-Lys-Pro-Arg-Pro-Gly-Pro,neuro
,simple,LB-AOD9604-5MG,AOD-9604,1,0,visible,"5 mg research-grade AOD-9604. ≥99% purity.","AOD-9604 is a modified fragment of human growth hormone (hGH 177–191). Studied for its role in adipocyte lipolysis regulation independent of IGF-1 axis in preclinical models.",,,,taxable,,1,,,0,1,,,,,,44.99,54.99,Metabolic,,,,,,,,,,,,,,221231-10-3,C78H123N23O23S2,1817.12,≥99%,"−20 °C, dry",Tyr-Leu-Arg-Ile-Val-Gln-Cys-Arg-Ser-Val-Glu-Gly-Ser-Cys-Gly-Phe,metabolic
,simple,LB-MOTS-C-5MG,MOTS-c,1,0,visible,"5 mg research-grade MOTS-c. ≥99% purity.","MOTS-c is a mitochondria-derived peptide encoded by the 12S rRNA gene. Studied for its role in AMPK activation and metabolic homeostasis in preclinical aging and obesity models.",,,,taxable,,1,,,0,1,,,,,,69.99,84.99,Metabolic,,,,,,,,,,,,,,1457410-74-0,C95H168N30O30,2174.56,≥99%,"−80 °C, avoid freeze-thaw cycles",MRWQEMGYIFYPRKLR,metabolic
,simple,LB-THYMALIN-10MG,Thymalin,1,0,visible,"10 mg research-grade Thymalin. ≥99% purity.","Thymalin is a polypeptide isolated from bovine thymus. Studied for its immune-regulatory properties and T-cell modulation in gerontological research models.",,,,taxable,,1,,,0,1,,,,,,49.99,59.99,Immunology,,,,,,,,,,,,,,62981-36-6,C33H54N12O15,870.85,≥99%,"−20 °C, desiccate",Glu-Asp-Gly-Ser-Ala-Glu,immunology
